-- phpMyAdmin SQL Dump
-- version 5.2.1
-- https://www.phpmyadmin.net/
--
-- Hôte : db
-- Généré le : jeu. 30 mai 2024 à 11:56
-- Version du serveur : 8.0.36
-- Version de PHP : 8.2.8

SET SQL_MODE = "NO_AUTO_VALUE_ON_ZERO";
START TRANSACTION;
SET time_zone = "+00:00";


/*!40101 SET @OLD_CHARACTER_SET_CLIENT=@@CHARACTER_SET_CLIENT */;
/*!40101 SET @OLD_CHARACTER_SET_RESULTS=@@CHARACTER_SET_RESULTS */;
/*!40101 SET @OLD_COLLATION_CONNECTION=@@COLLATION_CONNECTION */;
/*!40101 SET NAMES utf8mb4 */;

--
-- Base de données : `ecom`
--
CREATE DATABASE IF NOT EXISTS `ecom` DEFAULT CHARACTER SET utf8mb4 COLLATE utf8mb4_0900_ai_ci;
USE `ecom`;

-- --------------------------------------------------------

--
-- Structure de la table `customer`
--

CREATE TABLE `customer` (
  `id_customer` smallint NOT NULL,
  `firstname` varchar(50) DEFAULT NULL,
  `lastname` varchar(50) DEFAULT NULL,
  `email` varchar(100) NOT NULL,
  `date_create` datetime NOT NULL
) ENGINE=InnoDB DEFAULT CHARSET=utf8mb3;

--
-- Déchargement des données de la table `customer`
--

INSERT INTO `customer` (`id_customer`, `firstname`, `lastname`, `email`, `date_create`) VALUES
(1, 'Montague', 'Pymar', 'mpymar0@slate.com', '2022-02-27 00:00:00'),
(2, 'Augie', 'Rawlins', 'arawlins1@jigsy.com', '2022-01-01 00:00:00'),
(3, 'Goldi', 'Pylkynyton', 'gpylkynyton2@alexa.com', '2022-04-23 00:00:00'),
(4, 'Sher', 'Abbotson', 'sabbotson3@state.tx.us', '2022-05-13 00:00:00'),
(5, 'Natalee', 'Suscens', 'nsuscens4@printfriendly.com', '2021-09-19 00:00:00'),
(6, 'Alvin', 'Romushkin', 'aromushkin5@bloglines.com', '2021-11-05 00:00:00'),
(7, 'Ira', 'Glassborow', 'iglassborow6@moonfruit.com', '2021-05-12 00:00:00'),
(8, 'Jefferey', 'Ryley', 'jryley7@example.com', '2021-04-03 00:00:00'),
(9, 'Barnett', 'Farlamb', 'bfarlamb8@vk.com', '2021-09-01 00:00:00'),
(10, 'Taylor', 'Sellan', 'tsellan9@miitbeian.gov.cn', '2021-12-22 00:00:00'),
(11, 'Viviana', 'Newarte', 'vnewartea@themeforest.net', '2021-05-08 00:00:00'),
(12, 'Christie', 'Pimmocke', 'cpimmockeb@etsy.com', '2021-12-14 00:00:00'),
(13, 'Robinet', 'Lux', 'rluxc@telegraph.co.uk', '2021-10-23 00:00:00'),
(14, 'Sacha', 'Irlam', 'sirlamd@latimes.com', '2021-08-20 00:00:00'),
(15, 'Emily', 'McGrail', 'emilymcgrail@gmail.com', '2022-01-31 00:00:00'),
(16, 'Bernice', 'Moxley', 'bmoxleyf@bandcamp.com', '2022-01-05 00:00:00'),
(17, 'Alberik', 'Dincke', 'adinckeg@techcrunch.com', '2021-11-09 00:00:00'),
(18, 'Josee', 'Batterbee', 'jbatterbeeh@twitter.com', '2022-01-27 00:00:00'),
(19, 'Kaye', 'Knights', 'kknightsi@phoca.cz', '2022-07-19 00:00:00'),
(20, 'Kira', 'Keenleyside', 'kkeenleysidej@oracle.com', '2021-09-15 00:00:00'),
(21, 'Raymond', 'Yitshak', 'ryitshakk@jimdo.com', '2022-06-22 00:00:00'),
(22, 'Dosi', 'Lodwig', 'dlodwigl@usnews.com', '2022-05-28 00:00:00'),
(23, 'Odille', 'Corro', 'ocorrom@chron.com', '2022-01-30 00:00:00'),
(24, 'Lazaro', 'Volleth', 'lvollethn@nih.gov', '2022-04-28 00:00:00'),
(25, 'Shawna', 'Knowller', 'sknowllero@dyndns.org', '2021-05-20 00:00:00'),
(26, 'Maribelle', 'Aughtie', 'maughtiep@auda.org.au', '2021-04-26 00:00:00'),
(27, 'Annora', 'Lomaz', 'alomazq@zimbio.com', '2021-05-23 00:00:00'),
(28, 'Alistair', 'Stockau', 'astockaur@google.ru', '2021-04-01 00:00:00'),
(29, 'Templeton', 'Elnaugh', 'telnaughs@whitehouse.gov', '2021-08-12 00:00:00'),
(30, 'Carmina', 'Greggs', 'cgreggst@msn.com', '2022-05-28 00:00:00'),
(31, 'Midge', 'Gorges', 'mgorgesu@goo.gl', '2021-12-14 00:00:00'),
(32, 'Laurie', 'Avramovitz', 'lavramovitzv@stumbleupon.com', '2022-07-23 00:00:00'),
(33, 'Cordie', 'Arbon', 'carbonw@ucoz.ru', '2021-10-05 00:00:00'),
(34, 'Beauregard', 'Ambrogi', 'bambrogix@ifeng.com', '2021-09-02 00:00:00'),
(35, 'Terri', 'Cutts', 'tcuttsy@youku.com', '2022-01-22 00:00:00'),
(36, 'Fritz', 'Morton', 'fmortonz@businesswire.com', '2022-05-06 00:00:00'),
(37, 'Donny', 'Woolforde', 'dwoolforde10@sun.com', '2021-06-22 00:00:00'),
(38, 'Querida', 'Loadwick', 'qloadwick11@paginegialle.it', '2021-05-05 00:00:00'),
(39, 'Micheal', 'Vakhonin', 'mvakhonin12@biglobe.ne.jp', '2021-08-25 00:00:00'),
(40, 'Alica', 'Andreopolos', 'aandreopolos13@reddit.com', '2021-10-11 00:00:00'),
(41, 'Aylmer', 'Iacobucci', 'aiacobucci14@freewebs.com', '2022-06-16 00:00:00'),
(42, 'Minetta', 'de Verson', 'mdeverson15@ox.ac.uk', '2021-08-09 00:00:00'),
(43, 'Dannye', 'De Cruce', 'ddecruce16@bigcartel.com', '2021-05-01 00:00:00'),
(44, 'Leandra', 'Kleinstub', 'lkleinstub17@sogou.com', '2021-11-26 00:00:00'),
(45, 'Kimberli', 'Mully', 'kmully18@geocities.jp', '2022-02-28 00:00:00'),
(46, 'Selby', 'Brisco', 'sbrisco19@barnesandnoble.com', '2022-06-09 00:00:00'),
(47, 'Kelli', 'Lotterington', 'klotterington1a@ning.com', '2021-08-11 00:00:00'),
(48, 'Son', 'Mellings', 'smellings1b@tinyurl.com', '2021-06-03 00:00:00'),
(49, 'Raynell', 'Lacrouts', 'rlacrouts1c@is.gd', '2021-08-05 00:00:00'),
(50, 'Malynda', 'Abramowsky', 'mabramowsky1d@imageshack.us', '2022-06-18 00:00:00'),
(51, 'Glynn', 'Askin', 'gaskin1e@businessweek.com', '2022-06-20 00:00:00'),
(52, 'Cordey', 'Brozek', 'cbrozek1f@spiegel.de', '2022-05-21 00:00:00'),
(53, 'Fayre', 'Bernardos', 'fbernardos1g@yahoo.com', '2021-06-19 00:00:00'),
(54, 'Betsy', 'Creebo', 'bcreebo1h@wp.com', '2021-08-12 00:00:00'),
(55, 'Brigg', 'Rowthorn', 'browthorn1i@merriam-webster.com', '2022-07-10 00:00:00'),
(56, 'Micheil', 'Maseyk', 'mmaseyk1j@istockphoto.com', '2022-06-29 00:00:00'),
(57, 'Adella', 'Cathrall', 'acathrall1k@123-reg.co.uk', '2022-06-24 00:00:00'),
(58, 'Konstanze', 'Farfolomeev', 'kfarfolomeev1l@joomla.org', '2021-10-19 00:00:00'),
(59, 'Maggee', 'Bissill', 'mbissill1m@dailymail.co.uk', '2021-04-07 00:00:00'),
(60, 'Jacky', 'Pennycook', 'jpennycook1n@homestead.com', '2021-09-03 00:00:00'),
(61, 'Barry', 'Goodwell', 'bgoodwell1o@chron.com', '2021-12-23 00:00:00'),
(62, 'Bonnee', 'Kear', 'bkear1p@digg.com', '2021-10-12 00:00:00'),
(63, 'Lea', 'ffrench Beytagh', 'lffrenchbeytagh1q@posterous.com', '2021-05-02 00:00:00'),
(64, 'Frankie', 'Harburtson', 'fharburtson1r@cdc.gov', '2022-05-20 00:00:00'),
(65, 'Lisabeth', 'Spendlove', 'lspendlove1s@ucsd.edu', '2021-12-06 00:00:00'),
(66, 'Zora', 'MacMoyer', 'zmacmoyer1t@bluehost.com', '2021-08-13 00:00:00'),
(67, 'Roslyn', 'Gazey', 'rgazey1u@istockphoto.com', '2021-11-10 00:00:00'),
(68, 'Garey', 'Pury', 'gpury1v@un.org', '2022-04-17 00:00:00'),
(69, 'Martino', 'Dongate', 'mdongate1w@zimbio.com', '2021-06-03 00:00:00'),
(70, 'Doe', 'Nevill', 'dnevill1x@amazon.com', '2021-07-13 00:00:00'),
(71, 'Hollyanne', 'Deane', 'hdeane1y@omniture.com', '2022-01-16 00:00:00'),
(72, 'Kinna', 'Tillman', 'ktillman1z@jimdo.com', '2021-07-12 00:00:00'),
(73, 'Hamlin', 'Mowsdell', 'hmowsdell20@vkontakte.ru', '2022-04-20 00:00:00'),
(74, 'Benedicto', 'Testin', 'btestin21@arizona.edu', '2021-12-12 00:00:00'),
(75, 'Wyndham', 'Lawly', 'wlawly22@mashable.com', '2022-03-29 00:00:00'),
(76, 'Emmie', 'Brame', 'ebrame23@51.la', '2021-06-15 00:00:00'),
(77, 'Betti', 'O\'Lahy', 'bolahy24@biblegateway.com', '2021-06-03 00:00:00'),
(78, 'Herby', 'Chilley', 'hchilley25@washington.edu', '2022-04-02 00:00:00'),
(79, 'Duffy', 'Rix', 'drix26@privacy.gov.au', '2022-06-16 00:00:00'),
(80, 'Erinna', 'Minall', 'eminall27@oakley.com', '2021-05-15 00:00:00'),
(81, 'Ragnar', 'Stitle', 'rstitle28@cornell.edu', '2021-10-14 00:00:00'),
(82, 'Deedee', 'Elan', 'delan29@pcworld.com', '2021-12-26 00:00:00'),
(83, 'Elias', 'Dulanty', 'edulanty2a@jigsy.com', '2021-10-26 00:00:00'),
(84, 'Lindon', 'Kerridge', 'lkerridge2b@chronoengine.com', '2021-10-09 00:00:00'),
(85, 'Minni', 'Baggiani', 'mbaggiani2c@umn.edu', '2021-07-27 00:00:00'),
(86, 'Norina', 'Flarity', 'nflarity2d@microsoft.com', '2022-02-02 00:00:00'),
(87, 'Kaia', 'Lattey', 'klattey2e@chron.com', '2021-04-21 00:00:00'),
(88, 'Ramsay', 'Bonnett', 'rbonnett2f@odnoklassniki.ru', '2021-05-06 00:00:00'),
(89, 'Ellissa', 'Gostage', 'egostage2g@google.com', '2021-07-08 00:00:00'),
(90, 'Kasper', 'Moorcraft', 'kmoorcraft2h@msn.com', '2021-06-02 00:00:00'),
(91, 'Aubry', 'Hiner', 'ahiner2i@dion.ne.jp', '2022-03-06 00:00:00'),
(92, 'Horatius', 'McGibbon', 'hmcgibbon2j@dedecms.com', '2022-03-10 00:00:00'),
(93, 'Haley', 'Egiloff', 'hegiloff2k@nydailynews.com', '2021-08-13 00:00:00'),
(94, 'Sax', 'Eagland', 'seagland2l@engadget.com', '2022-05-07 00:00:00'),
(95, 'Julietta', 'Jorin', 'jjorin2m@i2i.jp', '2022-01-06 00:00:00'),
(96, 'Sigismondo', 'Dugan', 'sdugan2n@google.fr', '2021-08-18 00:00:00'),
(97, 'Camella', 'Deener', 'cdeener2o@canalblog.com', '2021-09-13 00:00:00'),
(98, 'Tiena', 'Struijs', 'tstruijs2p@microsoft.com', '2021-09-05 00:00:00'),
(99, 'Katinka', 'Wildman', 'kwildman2q@issuu.com', '2022-05-10 00:00:00'),
(100, 'Wilton', 'Slewcock', 'wslewcock2r@wikia.com', '2022-07-07 00:00:00');

-- --------------------------------------------------------

--
-- Structure de la table `orders`
--

CREATE TABLE `orders` (
  `id_order` smallint NOT NULL,
  `date_order` datetime DEFAULT NULL,
  `id_customer` smallint NOT NULL
) ENGINE=InnoDB DEFAULT CHARSET=utf8mb3;

--
-- Déchargement des données de la table `orders`
--

INSERT INTO `orders` (`id_order`, `date_order`, `id_customer`) VALUES
(1, '2021-11-22 00:00:00', 74),
(2, '2022-01-20 00:00:00', 14),
(3, '2021-11-21 00:00:00', 90),
(4, '2022-04-25 00:00:00', 34),
(5, '2022-02-03 00:00:00', 30),
(6, '2021-10-14 00:00:00', 86),
(7, '2021-11-25 00:00:00', 89),
(8, '2021-09-30 00:00:00', 30),
(9, '2022-07-26 00:00:00', 29),
(10, '2021-11-06 00:00:00', 43),
(11, '2022-03-20 00:00:00', 25),
(12, '2021-12-18 00:00:00', 51),
(13, '2022-05-29 00:00:00', 7),
(14, '2021-12-16 00:00:00', 75),
(15, '2022-02-10 00:00:00', 63),
(16, '2021-12-14 00:00:00', 42),
(17, '2021-09-23 00:00:00', 86),
(18, '2022-01-24 00:00:00', 1),
(19, '2022-04-07 00:00:00', 30),
(20, '2022-06-26 00:00:00', 48),
(21, '2021-12-23 00:00:00', 20),
(22, '2021-09-29 00:00:00', 5),
(23, '2022-04-07 00:00:00', 99),
(24, '2022-07-17 00:00:00', 54),
(25, '2022-03-18 00:00:00', 14),
(26, '2021-09-19 00:00:00', 8),
(27, '2021-10-12 00:00:00', 66),
(28, '2022-01-21 00:00:00', 37),
(29, '2022-02-21 00:00:00', 66),
(30, '2022-07-07 00:00:00', 9),
(31, '2022-02-04 00:00:00', 35),
(32, '2022-01-29 00:00:00', 45),
(33, '2021-12-02 00:00:00', 65),
(34, '2022-03-13 00:00:00', 86),
(35, '2022-03-23 00:00:00', 58),
(36, '2022-03-30 00:00:00', 34),
(37, '2022-05-03 00:00:00', 33),
(38, '2021-09-26 00:00:00', 25),
(39, '2022-07-25 00:00:00', 15),
(40, '2022-06-08 00:00:00', 93),
(41, '2022-01-25 00:00:00', 72),
(42, '2021-11-22 00:00:00', 92),
(43, '2022-03-08 00:00:00', 56),
(44, '2022-05-05 00:00:00', 99),
(45, '2022-03-14 00:00:00', 73),
(46, '2022-05-22 00:00:00', 47),
(47, '2022-03-15 00:00:00', 91),
(48, '2022-04-16 00:00:00', 28),
(49, '2022-06-05 00:00:00', 100),
(50, '2021-11-27 00:00:00', 28),
(51, '2021-10-11 00:00:00', 45),
(52, '2022-01-23 00:00:00', 17),
(53, '2021-12-14 00:00:00', 34),
(54, '2022-01-18 00:00:00', 14),
(55, '2022-06-26 00:00:00', 43),
(56, '2021-10-13 00:00:00', 55),
(57, '2021-11-27 00:00:00', 52),
(58, '2021-08-11 00:00:00', 19),
(59, '2021-11-27 00:00:00', 72),
(60, '2022-04-10 00:00:00', 81),
(61, '2021-11-28 00:00:00', 12),
(62, '2022-07-27 00:00:00', 58),
(63, '2022-05-25 00:00:00', 63),
(64, '2022-02-06 00:00:00', 25),
(65, '2021-10-07 00:00:00', 88),
(66, '2021-09-21 00:00:00', 23),
(67, '2021-08-20 00:00:00', 53),
(68, '2021-10-26 00:00:00', 75),
(69, '2022-04-09 00:00:00', 80),
(70, '2022-01-06 00:00:00', 6),
(71, '2022-02-13 00:00:00', 46),
(72, '2021-12-30 00:00:00', 10),
(73, '2021-12-06 00:00:00', 28),
(74, '2022-03-16 00:00:00', 33),
(75, '2021-11-30 00:00:00', 34),
(76, '2021-10-02 00:00:00', 11),
(77, '2022-06-16 00:00:00', 6),
(78, '2021-11-21 00:00:00', 16),
(79, '2022-05-26 00:00:00', 24),
(80, '2021-08-21 00:00:00', 95),
(81, '2021-08-24 00:00:00', 44),
(82, '2022-05-26 00:00:00', 54),
(83, '2022-05-29 00:00:00', 18),
(84, '2021-09-09 00:00:00', 59),
(85, '2021-09-16 00:00:00', 32),
(86, '2021-09-18 00:00:00', 25),
(87, '2022-03-08 00:00:00', 59),
(88, '2021-08-12 00:00:00', 3),
(89, '2021-11-29 00:00:00', 67),
(90, '2022-06-07 00:00:00', 92),
(91, '2022-03-09 00:00:00', 56),
(92, '2022-02-08 00:00:00', 5),
(93, '2022-06-01 00:00:00', 10),
(94, '2022-04-03 00:00:00', 48),
(95, '2022-05-01 00:00:00', 54),
(96, '2021-11-07 00:00:00', 11),
(97, '2022-07-20 00:00:00', 29),
(98, '2021-12-30 00:00:00', 50),
(99, '2021-09-08 00:00:00', 97),
(100, '2021-11-29 00:00:00', 60),
(101, '2022-05-04 00:00:00', 44),
(102, '2021-11-07 00:00:00', 30),
(103, '2021-11-30 00:00:00', 53),
(104, '2021-09-01 00:00:00', 55),
(105, '2021-09-30 00:00:00', 84),
(106, '2022-07-15 00:00:00', 64),
(107, '2022-04-26 00:00:00', 69),
(108, '2022-04-20 00:00:00', 68),
(109, '2021-12-05 00:00:00', 78),
(110, '2022-03-17 00:00:00', 57),
(111, '2022-01-20 00:00:00', 59),
(112, '2022-06-08 00:00:00', 12),
(113, '2022-05-25 00:00:00', 36),
(114, '2021-08-26 00:00:00', 75),
(115, '2021-10-18 00:00:00', 89),
(116, '2022-05-07 00:00:00', 83),
(117, '2022-03-17 00:00:00', 42),
(118, '2021-08-02 00:00:00', 57),
(119, '2021-12-20 00:00:00', 78),
(120, '2022-03-11 00:00:00', 59),
(121, '2022-07-08 00:00:00', 78),
(122, '2021-11-08 00:00:00', 99),
(123, '2022-03-04 00:00:00', 29),
(124, '2021-11-02 00:00:00', 59),
(125, '2022-06-20 00:00:00', 65),
(126, '2021-10-22 00:00:00', 46),
(127, '2022-04-15 00:00:00', 6),
(128, '2022-07-26 00:00:00', 20),
(129, '2021-09-20 00:00:00', 19),
(130, '2022-03-13 00:00:00', 83);

-- --------------------------------------------------------

--
-- Structure de la table `product`
--

CREATE TABLE `product` (
  `ref_product` smallint NOT NULL,
  `name_product` varchar(50) DEFAULT NULL,
  `price` decimal(15,2) DEFAULT NULL
) ENGINE=InnoDB DEFAULT CHARSET=utf8mb3;

--
-- Déchargement des données de la table `product`
--

INSERT INTO `product` (`ref_product`, `name_product`, `price`) VALUES
(1, 'Lamb - Leg, Boneless', 16.85),
(2, 'Oil - Canola', 5.10),
(3, 'Beef - Tenderlion, Center Cut', 23.29),
(4, 'Cheese - Brie Roitelet', 9.88),
(5, 'Appetizer - Veg Assortment', 19.73),
(6, 'Beef - Inside Round', 19.73),
(7, 'Pepper - Julienne, Frozen', 2.37),
(8, 'Water - Green Tea Refresher', 10.95),
(9, 'Sobe - Green Tea', 5.08),
(10, 'Cookie Choc', 17.97),
(11, 'Ice - Clear, 300 Lb For Carving', 26.70),
(12, 'Veal - Eye Of Round', 34.23),
(13, 'Mix Pina Colada', 7.59),
(14, 'Soup - French Can Pea', 21.35),
(15, 'Tomatoes Tear Drop', 13.27),
(16, 'Beef Ground Medium', 20.15),
(17, 'Wine - Bouchard La Vignee Pinot', 8.54),
(18, 'Bagelers - Cinn / Brown', 14.75),
(19, 'Olive - Spread Tapenade', 4.00),
(20, 'Beans - Green', 9.93),
(21, 'Flavouring - Orange', 7.65),
(22, 'Petit Baguette', 6.44),
(23, 'Doilies - 8, Paper', 7.28),
(24, 'Hot Choc Vending', 15.07),
(25, 'Puree - Mocha', 23.50),
(26, 'Syrup - Monin, Amaretta', 5.51),
(27, 'Bread Crumbs - Panko', 18.17),
(28, 'Beans - Kidney White', 6.01),
(29, 'Soup - Campbells, Creamy', 3.10),
(30, 'Pepper - Chili Powder', 8.13),
(31, 'Champagne - Brights, Dry', 22.02),
(32, 'Pasta - Spaghetti, Dry', 9.73),
(33, 'Chips Potato Salt Vinegar 43g', 3.88),
(34, 'Pepper - Scotch Bonnet', 4.79),
(35, 'Teriyaki Sauce', 2.30),
(36, 'Chocolate - Pistoles, White', 5.97),
(37, 'Foie Gras', 18.68),
(38, 'Mince Meat - Filling', 17.50),
(39, 'Wanton Wrap', 29.45),
(40, 'Wine - Jaboulet Cotes Du Rhone', 5.90),
(41, 'Beef - Top Butt', 21.67),
(42, 'Mint - Fresh', 9.91),
(43, 'Macaroons - Two Bite Choc', 8.83),
(44, 'Aromat Spice / Seasoning', 5.14),
(45, 'Coriander - Ground', 8.54),
(46, 'Taro Root', 29.68),
(47, 'Coke - Classic, 355 Ml', 8.77),
(48, 'Wheat - Soft Kernal Of Wheat', 8.83),
(49, 'Chervil - Fresh', 15.85),
(50, 'Mackerel Whole Fresh', 33.53),
(51, 'Noodles - Cellophane, Thin', 8.22),
(52, 'Sobe - Cranberry Grapefruit', 26.84),
(53, 'Snapple - Mango Maddness', 23.53),
(54, 'Mushroom - Oyster, Fresh', 4.38),
(55, 'Wine - Chateau Timberlay', 10.29),
(56, 'Cheese - Brie, Triple Creme', 12.33),
(57, 'Sambuca - Ramazzotti', 19.41),
(58, 'Crush - Orange, 355ml', 20.01),
(59, 'Tomatoes - Hot House', 6.55),
(60, 'Wine - White, Riesling, Henry Of', 12.86),
(61, 'Egg Patty Fried', 3.63),
(62, 'Chocolate - Milk Coating', 17.39),
(63, 'Bar Mix - Lemon', 28.70),
(64, 'Trout - Rainbow, Frozen', 22.29),
(65, 'Dried Cranberries', 18.69),
(66, 'Appetizer - Mushroom Tart', 3.39),
(67, 'Shiratamako - Rice Flour', 22.84),
(68, 'Lamb Leg - Bone - In Nz', 25.05),
(69, 'Table Cloth 62x120 Colour', 23.74),
(70, 'Nantucket Cranberry Juice', 11.12),
(71, 'Beer - Heinekin', 3.65),
(72, 'Bread - Olive', 7.11),
(73, 'Veal - Knuckle', 16.12),
(74, 'Russian Prince', 15.98),
(75, 'Olives - Stuffed', 6.70),
(76, 'Tomatoes - Cherry', 6.02),
(77, 'Island Oasis - Sweet And Sour Mix', 14.90),
(78, 'Muffin Batt - Ban Dream Zero', 9.41),
(79, 'Milk - 2% 250 Ml', 12.56),
(80, 'Rum - Dark, Bacardi, Black', 12.84),
(81, 'Chicken - Wieners', 25.60),
(82, 'Wine - Bourgogne 2002, La', 14.51),
(83, 'Wine - Marlbourough Sauv Blanc', 9.30),
(84, 'Cape Capensis - Fillet', 33.64),
(85, 'Tomatoes - Yellow Hot House', 4.00),
(86, 'Wasabi Powder', 16.93),
(87, 'Southern Comfort', 7.72),
(88, 'Wine - Red, Mouton Cadet', 8.06),
(89, 'Wine - Casablanca Valley', 8.93),
(90, 'Clams - Littleneck, Whole', 7.76),
(91, 'Pasta - Lasagna Noodle, Frozen', 17.29),
(92, 'Beef - Chuck, Boneless', 17.86),
(93, 'Sugar - Palm', 28.12),
(94, 'Spice - Paprika', 4.58),
(95, 'Grapes - Green', 24.72),
(96, 'Apples - Spartan', 4.55),
(97, 'Mustard - Dry, Powder', 2.16),
(98, 'Honey - Lavender', 8.63),
(99, 'Pheasants - Whole', 17.09),
(100, 'Veal - Brisket, Provimi,bnls', 38.28),
(101, 'Coffee Swiss Choc Almond', 7.86),
(102, 'Dried Figs', 8.53),
(103, 'Lettuce - Belgian Endive', 14.34),
(104, 'Soup - Campbells, Spinach Crm', 3.35),
(105, 'Tomatoes Tear Drop Yellow', 7.70),
(106, 'Tobasco Sauce', 8.52),
(107, 'Grenadine', 27.17),
(108, 'Syrup - Monin - Passion Fruit', 2.40),
(109, 'Jameson - Irish Whiskey', 17.48),
(110, 'Sauce - Salsa', 6.91),
(111, 'Soup - Cream Of Broccoli, Dry', 13.56),
(112, 'Bok Choy - Baby', 8.21),
(113, 'Wine - Red, Black Opal Shiraz', 13.45),
(114, 'Vodka - Hot, Lnferno', 21.28),
(115, 'Rum - Spiced, Captain Morgan', 8.64),
(116, 'V8 - Vegetable Cocktail', 4.37),
(117, 'Pate Pans Yellow', 28.12),
(118, 'Lamb - Shoulder, Boneless', 25.25),
(119, 'Tarts Assorted', 9.06),
(120, 'Wheat - Soft Kernal Of Wheat', 2.87),
(121, 'Wine - Magnotta - Pinot Gris Sr', 7.77),
(122, 'Sauce - Black Current, Dry Mix', 9.17),
(123, 'Chicken - Base', 22.24),
(124, 'Muffin - Blueberry Individual', 15.90),
(125, 'Cheese - Marble', 18.87),
(126, 'Artichoke - Fresh', 11.72),
(127, 'Munchies Honey Sweet Trail Mix', 9.69),
(128, 'Juice - Ocean Spray Kiwi', 12.16),
(129, 'Thyme - Fresh', 14.13),
(130, 'Juice - Prune', 7.52),
(131, 'Jolt Cola', 4.35),
(132, 'Nantucket - Pomegranate Pear', 10.12),
(133, 'Rice Paper', 7.56),
(134, 'Pail - 15l White, With Handle', 5.42),
(135, 'Tea - Lemon Green Tea', 3.18),
(136, 'Lobster - Tail 6 Oz', 32.68),
(137, 'Wine - Crozes Hermitage E.', 8.90),
(138, 'Cheese - Wine', 10.07),
(139, 'Lettuce - Treviso', 4.77),
(140, 'Wine - Clavet Saint Emilion', 3.63),
(141, 'Carbonated Water - White Grape', 19.42),
(142, 'Flour - Bread', 19.23),
(143, 'Pastry - Apple Muffins - Mini', 18.40),
(144, 'Lamb - Sausage Casings', 31.62),
(145, 'Basil - Seedlings Cookstown', 9.88),
(146, 'Cup - 3.5oz, Foam', 3.07),
(147, 'Cookies Cereal Nut', 9.31),
(148, 'Cherries - Fresh', 11.64);

-- --------------------------------------------------------

--
-- Structure de la table `product_order`
--

CREATE TABLE `product_order` (
  `ref_product` smallint NOT NULL,
  `id_order` smallint NOT NULL,
  `quantity` int DEFAULT NULL,
  `price_order` decimal(15,2) DEFAULT NULL
) ENGINE=InnoDB DEFAULT CHARSET=utf8mb3;

--
-- Déchargement des données de la table `product_order`
--

INSERT INTO `product_order` (`ref_product`, `id_order`, `quantity`, `price_order`) VALUES
(1, 25, 1, 14.12),
(1, 109, 5, 16.36),
(2, 16, 1, 4.79),
(2, 39, 2, 5.03),
(2, 53, 3, 5.18),
(2, 56, 3, 5.17),
(3, 17, 1, 21.48),
(3, 23, 4, 24.94),
(3, 53, 4, 20.68),
(3, 63, 3, 23.93),
(3, 119, 1, 24.99),
(3, 120, 3, 20.56),
(4, 15, 4, 9.84),
(4, 42, 2, 9.17),
(5, 100, 5, 16.89),
(5, 102, 2, 19.65),
(5, 130, 1, 19.93),
(6, 47, 3, 19.01),
(6, 55, 5, 19.49),
(6, 57, 5, 18.70),
(6, 82, 4, 19.25),
(6, 94, 4, 18.44),
(7, 105, 1, 2.24),
(9, 40, 1, 4.22),
(9, 61, 3, 4.14),
(10, 8, 5, 19.48),
(10, 43, 5, 17.48),
(10, 62, 2, 14.57),
(11, 7, 5, 25.03),
(11, 25, 1, 22.80),
(11, 66, 2, 25.55),
(11, 87, 1, 21.97),
(11, 113, 2, 27.89),
(11, 119, 4, 28.12),
(12, 8, 4, 35.37),
(12, 84, 3, 31.02),
(14, 3, 4, 19.88),
(14, 4, 3, 17.87),
(14, 19, 4, 19.03),
(14, 35, 2, 18.07),
(14, 100, 4, 22.57),
(15, 15, 1, 13.89),
(15, 51, 3, 12.75),
(15, 84, 2, 11.47),
(15, 107, 1, 12.49),
(16, 41, 1, 20.38),
(16, 108, 1, 16.79),
(16, 130, 2, 18.77),
(17, 37, 2, 9.03),
(17, 67, 4, 9.35),
(17, 127, 4, 7.70),
(17, 128, 2, 8.74),
(18, 108, 5, 14.92),
(19, 23, 3, 3.55),
(19, 113, 2, 3.62),
(20, 40, 1, 10.56),
(20, 48, 5, 8.95),
(20, 82, 1, 8.08),
(20, 126, 4, 8.61),
(21, 24, 2, 8.38),
(21, 27, 4, 6.67),
(21, 69, 2, 6.70),
(21, 99, 3, 7.35),
(22, 14, 5, 6.93),
(22, 115, 5, 5.16),
(23, 8, 4, 6.37),
(23, 26, 2, 6.37),
(23, 101, 5, 6.89),
(24, 34, 5, 15.16),
(24, 52, 3, 16.47),
(24, 71, 4, 15.75),
(25, 34, 4, 19.95),
(25, 63, 5, 21.34),
(25, 72, 2, 21.00),
(26, 54, 3, 5.20),
(26, 77, 2, 5.16),
(26, 85, 3, 5.78),
(26, 127, 3, 5.72),
(27, 50, 3, 17.08),
(27, 67, 4, 19.79),
(27, 96, 5, 16.80),
(27, 111, 2, 15.55),
(28, 27, 1, 6.04),
(28, 89, 5, 6.38),
(29, 93, 5, 2.75),
(31, 13, 2, 23.31),
(31, 52, 5, 20.41),
(31, 71, 1, 21.14),
(31, 125, 2, 20.23),
(32, 17, 4, 8.88),
(33, 50, 1, 3.92),
(34, 62, 1, 4.34),
(34, 63, 5, 4.82),
(34, 115, 4, 4.37),
(35, 20, 2, 2.40),
(35, 62, 2, 2.47),
(35, 64, 4, 1.93),
(35, 76, 1, 2.47),
(35, 87, 3, 1.97),
(36, 52, 3, 5.13),
(37, 5, 5, 17.33),
(37, 49, 3, 17.92),
(37, 80, 5, 17.08),
(38, 18, 2, 15.65),
(38, 104, 1, 16.26),
(38, 124, 4, 15.07),
(39, 24, 2, 30.02),
(39, 28, 2, 23.92),
(39, 37, 4, 23.68),
(39, 58, 4, 31.89),
(39, 86, 1, 29.54),
(40, 16, 2, 5.70),
(40, 82, 4, 6.03),
(41, 129, 3, 17.63),
(42, 39, 5, 7.93),
(42, 64, 4, 10.51),
(42, 103, 5, 8.95),
(43, 51, 5, 7.37),
(43, 56, 2, 8.51),
(43, 74, 1, 8.06),
(44, 50, 5, 4.49),
(45, 45, 5, 7.07),
(45, 111, 4, 8.73),
(46, 103, 5, 27.48),
(46, 114, 1, 31.56),
(47, 3, 2, 7.35),
(47, 60, 4, 7.03),
(47, 125, 2, 8.71),
(47, 128, 1, 7.55),
(48, 23, 1, 7.27),
(48, 25, 4, 9.15),
(49, 44, 2, 16.04),
(49, 59, 1, 13.50),
(49, 68, 4, 16.17),
(49, 108, 1, 13.43),
(50, 76, 2, 32.69),
(51, 15, 5, 7.67),
(51, 74, 4, 7.73),
(51, 92, 3, 6.61),
(51, 98, 5, 8.23),
(51, 126, 2, 7.32),
(52, 34, 3, 25.49),
(52, 52, 1, 26.22),
(52, 87, 5, 25.11),
(52, 94, 5, 25.44),
(54, 122, 4, 3.64),
(55, 52, 2, 8.39),
(55, 93, 2, 11.12),
(55, 100, 4, 9.84),
(55, 113, 2, 10.72),
(55, 116, 4, 9.68),
(56, 56, 2, 13.29),
(56, 65, 1, 10.70),
(56, 86, 5, 11.17),
(56, 119, 3, 10.18),
(57, 59, 5, 17.64),
(57, 63, 4, 18.79),
(58, 9, 3, 20.30),
(58, 17, 4, 21.38),
(58, 39, 5, 17.99),
(58, 71, 3, 21.82),
(59, 130, 4, 6.90),
(60, 19, 3, 11.56),
(60, 68, 3, 10.71),
(60, 111, 4, 12.44),
(61, 52, 3, 3.40),
(61, 90, 2, 3.57),
(62, 3, 3, 17.54),
(63, 19, 2, 28.47),
(63, 65, 1, 23.93),
(63, 68, 1, 28.50),
(63, 93, 3, 30.53),
(63, 98, 5, 26.99),
(64, 2, 1, 22.51),
(64, 17, 5, 18.48),
(64, 56, 5, 20.41),
(64, 119, 2, 22.09),
(66, 6, 3, 2.74),
(66, 39, 4, 2.95),
(66, 85, 2, 2.79),
(67, 63, 5, 22.99),
(67, 88, 4, 19.71),
(67, 97, 2, 25.01),
(68, 25, 2, 22.19),
(68, 80, 4, 23.65),
(69, 24, 1, 22.85),
(69, 68, 2, 20.92),
(69, 109, 1, 24.17),
(70, 7, 2, 11.63),
(70, 43, 4, 11.98),
(70, 46, 1, 9.42),
(70, 64, 3, 8.94),
(70, 109, 4, 10.87),
(70, 126, 2, 11.97),
(71, 21, 2, 3.83),
(71, 52, 3, 3.37),
(71, 78, 5, 3.51),
(71, 128, 3, 3.42),
(72, 23, 4, 7.15),
(73, 7, 5, 13.18),
(73, 20, 4, 14.00),
(73, 21, 4, 17.59),
(73, 91, 4, 13.69),
(75, 7, 5, 7.18),
(75, 14, 3, 5.44),
(75, 55, 3, 6.33),
(75, 113, 2, 5.93),
(76, 4, 5, 6.58),
(76, 14, 5, 4.89),
(76, 21, 2, 5.32),
(77, 122, 3, 13.10),
(78, 106, 4, 8.88),
(78, 120, 3, 9.25),
(79, 35, 2, 12.36),
(79, 61, 5, 10.93),
(79, 116, 2, 11.30),
(80, 16, 1, 13.96),
(80, 29, 5, 13.33),
(80, 78, 3, 10.63),
(80, 123, 2, 10.59),
(80, 125, 1, 10.78),
(81, 46, 3, 23.63),
(81, 64, 5, 25.55),
(82, 30, 1, 11.90),
(82, 38, 2, 13.14),
(82, 64, 4, 14.07),
(82, 91, 3, 14.97),
(82, 118, 1, 12.31),
(83, 85, 5, 8.80),
(83, 122, 3, 10.12),
(84, 20, 1, 30.24),
(84, 73, 2, 34.72),
(84, 76, 4, 35.77),
(84, 113, 1, 27.59),
(85, 14, 4, 4.04),
(85, 30, 5, 3.57),
(85, 67, 1, 3.74),
(86, 11, 2, 15.15),
(86, 14, 3, 14.73),
(86, 18, 3, 14.65),
(86, 96, 4, 15.51),
(87, 56, 3, 6.84),
(87, 107, 4, 6.79),
(88, 73, 4, 7.58),
(88, 87, 5, 7.78),
(89, 6, 3, 8.09),
(89, 26, 2, 7.45),
(89, 59, 1, 8.50),
(89, 71, 3, 7.64),
(89, 82, 5, 8.23),
(90, 11, 2, 7.33),
(90, 45, 4, 6.65),
(90, 122, 2, 7.37),
(90, 124, 2, 8.37),
(90, 130, 1, 6.53),
(91, 10, 2, 18.59),
(91, 75, 2, 14.71),
(91, 83, 1, 14.30),
(91, 101, 5, 18.72),
(91, 110, 2, 16.15),
(92, 85, 2, 16.44),
(92, 109, 1, 17.86),
(92, 128, 3, 14.99),
(93, 2, 4, 28.00),
(93, 12, 3, 29.82),
(94, 25, 2, 4.20),
(94, 51, 1, 4.12),
(95, 47, 4, 23.35),
(96, 19, 1, 4.22),
(96, 37, 5, 4.57),
(96, 39, 3, 3.82),
(96, 43, 4, 4.47),
(96, 61, 1, 4.55),
(96, 80, 5, 4.30),
(97, 4, 4, 2.01),
(97, 20, 3, 2.21),
(97, 41, 2, 1.98),
(97, 62, 5, 2.21),
(97, 97, 5, 2.07),
(97, 114, 3, 1.99),
(98, 41, 1, 8.01),
(98, 71, 4, 9.31),
(98, 90, 4, 7.84),
(98, 113, 4, 6.98),
(99, 21, 3, 13.99),
(99, 44, 4, 14.81),
(100, 13, 4, 41.20),
(100, 53, 5, 41.41),
(100, 88, 2, 41.36),
(101, 5, 4, 8.30),
(101, 11, 2, 7.40),
(101, 55, 1, 8.14),
(101, 60, 3, 7.49),
(101, 88, 4, 6.76),
(101, 122, 4, 7.38),
(103, 66, 4, 14.54),
(104, 11, 4, 2.86),
(104, 41, 1, 3.43),
(104, 56, 4, 2.88),
(105, 104, 5, 7.93),
(105, 121, 5, 6.71),
(106, 32, 4, 9.08),
(106, 66, 4, 8.62),
(106, 81, 5, 9.06),
(107, 6, 1, 23.99),
(107, 15, 1, 27.80),
(108, 7, 2, 2.56),
(108, 60, 5, 2.09),
(108, 67, 1, 2.26),
(108, 88, 4, 2.41),
(109, 54, 4, 19.02),
(110, 12, 1, 7.13),
(110, 16, 3, 7.58),
(110, 103, 3, 6.82),
(110, 116, 4, 5.84),
(110, 125, 1, 7.35),
(111, 55, 5, 14.72),
(111, 107, 4, 11.33),
(112, 102, 1, 8.37),
(112, 119, 5, 7.33),
(113, 26, 2, 12.14),
(113, 50, 1, 13.94),
(113, 125, 3, 14.43),
(114, 35, 1, 18.21),
(114, 91, 1, 18.31),
(114, 111, 1, 19.90),
(115, 19, 4, 8.58),
(115, 23, 1, 9.17),
(115, 24, 2, 8.01),
(115, 31, 5, 8.23),
(115, 74, 1, 7.61),
(115, 106, 1, 9.02),
(116, 44, 4, 3.84),
(116, 77, 2, 4.63),
(117, 1, 3, 27.13),
(117, 41, 4, 23.74),
(117, 51, 4, 23.25),
(117, 83, 2, 22.54),
(118, 23, 5, 25.92),
(118, 50, 4, 25.97),
(119, 1, 5, 8.72),
(119, 63, 2, 8.40),
(119, 68, 1, 8.59),
(119, 115, 5, 7.79),
(120, 17, 2, 2.74),
(120, 39, 5, 2.30),
(120, 72, 2, 2.69),
(120, 91, 5, 2.53),
(120, 125, 4, 3.14),
(121, 5, 5, 6.48),
(121, 54, 2, 7.65),
(121, 92, 1, 7.93),
(121, 124, 3, 8.13),
(123, 17, 5, 23.82),
(123, 21, 1, 18.17),
(123, 86, 5, 21.61),
(123, 95, 3, 22.39),
(124, 71, 4, 16.20),
(125, 26, 1, 18.41),
(125, 30, 1, 19.26),
(125, 95, 5, 20.30),
(126, 10, 5, 10.74),
(127, 101, 1, 8.28),
(127, 129, 1, 9.94),
(128, 2, 4, 10.50),
(128, 48, 3, 12.66),
(128, 60, 3, 11.11),
(129, 59, 3, 13.36),
(129, 91, 2, 12.52),
(129, 95, 5, 15.47),
(130, 105, 5, 6.14),
(130, 130, 2, 6.76),
(131, 6, 4, 4.11),
(133, 8, 2, 7.03),
(133, 31, 5, 7.65),
(133, 48, 1, 6.59),
(133, 63, 4, 6.23),
(133, 103, 4, 7.57),
(133, 105, 5, 6.32),
(133, 130, 1, 7.39),
(134, 11, 5, 5.29),
(134, 27, 4, 4.60),
(135, 4, 3, 2.60),
(135, 100, 4, 3.33),
(135, 111, 5, 3.41),
(136, 2, 5, 27.07),
(136, 3, 3, 33.41),
(136, 61, 1, 30.28),
(137, 102, 5, 9.49),
(137, 120, 5, 7.56),
(138, 83, 4, 8.56),
(138, 129, 5, 9.06),
(139, 54, 5, 4.06),
(139, 60, 1, 5.04),
(139, 68, 2, 4.92),
(139, 116, 3, 4.23),
(140, 23, 5, 3.05),
(140, 45, 5, 3.79),
(140, 48, 3, 3.60),
(140, 63, 2, 3.76),
(140, 85, 5, 3.99),
(140, 104, 5, 3.59),
(140, 119, 2, 3.06),
(140, 128, 3, 3.82),
(141, 26, 1, 20.12),
(142, 41, 5, 17.71),
(142, 51, 2, 19.14),
(142, 58, 5, 15.64),
(142, 69, 5, 16.94),
(142, 83, 5, 16.65),
(143, 12, 5, 16.29),
(143, 38, 1, 18.93),
(143, 74, 3, 20.02),
(144, 72, 4, 30.20),
(145, 7, 4, 9.99),
(145, 84, 3, 10.75),
(145, 87, 5, 9.97),
(146, 38, 4, 3.01),
(146, 121, 5, 3.28),
(147, 32, 5, 9.36),
(147, 39, 3, 9.52),
(147, 56, 5, 9.26),
(147, 102, 2, 7.51),
(148, 79, 4, 9.87),
(148, 114, 5, 11.88),
(148, 121, 1, 9.99);

--
-- Index pour les tables déchargées
--

--
-- Index pour la table `customer`
--
ALTER TABLE `customer`
  ADD PRIMARY KEY (`id_customer`);

--
-- Index pour la table `orders`
--
ALTER TABLE `orders`
  ADD PRIMARY KEY (`id_order`),
  ADD KEY `id_customer` (`id_customer`);

--
-- Index pour la table `product`
--
ALTER TABLE `product`
  ADD PRIMARY KEY (`ref_product`);

--
-- Index pour la table `product_order`
--
ALTER TABLE `product_order`
  ADD PRIMARY KEY (`ref_product`,`id_order`),
  ADD KEY `id_purchase` (`id_order`);

--
-- AUTO_INCREMENT pour les tables déchargées
--

--
-- AUTO_INCREMENT pour la table `customer`
--
ALTER TABLE `customer`
  MODIFY `id_customer` smallint NOT NULL AUTO_INCREMENT, AUTO_INCREMENT=101;

--
-- AUTO_INCREMENT pour la table `orders`
--
ALTER TABLE `orders`
  MODIFY `id_order` smallint NOT NULL AUTO_INCREMENT, AUTO_INCREMENT=131;

--
-- AUTO_INCREMENT pour la table `product`
--
ALTER TABLE `product`
  MODIFY `ref_product` smallint NOT NULL AUTO_INCREMENT, AUTO_INCREMENT=149;

--
-- Contraintes pour les tables déchargées
--

--
-- Contraintes pour la table `orders`
--
ALTER TABLE `orders`
  ADD CONSTRAINT `orders_ibfk_1` FOREIGN KEY (`id_customer`) REFERENCES `customer` (`id_customer`);

--
-- Contraintes pour la table `product_order`
--
ALTER TABLE `product_order`
  ADD CONSTRAINT `product_order_ibfk_1` FOREIGN KEY (`ref_product`) REFERENCES `product` (`ref_product`),
  ADD CONSTRAINT `product_order_ibfk_2` FOREIGN KEY (`id_order`) REFERENCES `orders` (`id_order`);
COMMIT;

/*!40101 SET CHARACTER_SET_CLIENT=@OLD_CHARACTER_SET_CLIENT */;
/*!40101 SET CHARACTER_SET_RESULTS=@OLD_CHARACTER_SET_RESULTS */;
/*!40101 SET COLLATION_CONNECTION=@OLD_COLLATION_CONNECTION */;
